YYYY/MM/DD,USD/XAU,AUD/XAU,BRL/XAU,GBP/XAU,CAD/XAU,CLP/XAU,CNY/XAU,DKK/XAU,EGP/XAU,EUR/XAU,HKD/XAU,HUF/XAU,ISK/XAU,INR/XAU,IDR/XAU,ILS/XAU,JPY/XAU,KWD/XAU,MYR/XAU,MXN/XAU,NZD/XAU,NOK/XAU,PHP/XAU,PLN/XAU,RUB/XAU,SAR/XAU,SGD/XAU,ZAR/XAU,KRW/XAU,LKR/XAU,SEK/XAU,CHF/XAU,TWD/XAU,THB/XAU,TRY/XAU,AED/XAU
1/4/16,0.021037736,0.038146776,0.047329889,0.025223057,0.030554634,0.034264472,0.027656417,0.026475822,0.021089915,0.026315391,0.02101139,0.02324823,0.028620457,0.027115709,0.030554634,0.027663769,0.012970655,0.022316051,0.033449689,0.030953029,0.036685824,0.027924423,0.026723723,0.030843465,0.021917098,0.015551352,0.028099751,0.01986014,0.034930587,0.018772852,0.028046623,0.022840394,0.02760808,0.024948238,0.038431845,0.01609835
1/5/16,-0.004896979,-0.002757892,-0.017754873,-0.003231119,-0.003187302,-0.010816333,-0.006906457,0.000274071,-0.005049534,0.000789939,-0.004755751,-0.004009804,-0.001312691,-0.006017893,-0.013089179,-0.003197855,-0.007399543,-0.005191678,-0.005652527,-0.004954287,0.001070957,-0.005733115,-0.009542158,0.001396874,-0.003714484,-0.005934903,-0.003781001,-0.010702502,-0.005731867,-0.002408184,0.006004671,0.000483242,-0.005317145,-0.005997452,0.000402009,-0.006119898
1/6/16,0.013370474,0.024963443,0.015316056,0.015658327,0.019960677,0.014279377,0.018543346,0.011925803,0.01331868,0.011552603,0.013488128,0.015071633,0.01235335,0.016570254,0.020026798,0.016825204,0.009623243,0.015838773,0.025037184,0.017922849,0.022262665,0.019960836,0.0165461,0.022292279,0.030223115,0.013424734,0.018833578,0.012317396,0.021709571,0.011614807,0.013723954,0.012216339,0.016825528,0.016539886,0.020640623,0.013702981
1/7/16,0.013743815,0.020336805,0.021690691,0.017169126,0.012088312,0.02403455,0.019201532,0.004183091,0.013419973,0.00453659,0.013979183,0.003966274,0.005518494,0.01401732,0.01207181,0.009554154,0.008698612,0.007951945,0.013674586,0.026240514,0.01199366,0.007600187,0.011761827,0.001162244,0.012614697,0.02104416,0.010072877,0.005431389,0.007749328,0.013462318,0.002903526,0.007401572,0.012798841,0.013128459,0.011213083,0.020837584
1/8/16,-0.004067245,0.002857698,-0.004559088,-8.91E-05,0.002307404,0.004367365,-0.003296738,-0.006430539,-0.003227053,-0.006349336,-0.002847133,-0.000765355,-0.007804429,-0.002903197,-0.007501003,-0.003281189,-0.006009128,-0.00143607,-0.006991991,0.010542326,0.010307998,-0.005897922,0.002633946,-0.00110034,0.002314881,0.000141704,0.003241459,-0.019306098,0.008365226,-0.005657861,-0.001925958,-0.008926278,-5.05E-05,-0.000795221,0.001250068,6.90E-05
1/11/16,-0.000998276,-0.003297715,-0.000899555,-0.003870346,0.0028139,0.004356756,-0.005071693,-9.44E-05,-0.000947241,-0.00030235,-0.00151296,0.003403219,-0.000852072,-0.00143189,0.002746001,0.000882413,-0.003034803,-0.001886687,-0.000291187,0.001789895,-0.000474244,0.003443926,-0.001505383,0.000273385,0.014084166,-0.004647162,-0.005157028,-0.00137384,-0.001494263,0.000599794,-0.00139648,0.001686055,-0.000249601,-0.002290325,0.007092418,-0.004103869
1/12/16,-0.013989826,-0.011646121,-0.014476961,-0.003005919,-0.008020317,-0.014111146,-0.013494592,-0.009935957,-0.013272077,-0.010203914,-0.013735699,-0.012266504,-0.00893239,-0.01266105,-0.017600806,-0.014590715,-0.01122037,-0.009894181,-0.007398277,-0.016240113,-0.009272692,-0.017296661,-0.010672244,-0.010253821,-0.000530794,-0.018678377,-0.011928911,0.000348545,-0.012193963,-0.014058294,-0.010983133,-0.011012283,-0.013340047,-0.013582305,-0.013502859,-0.019069871
1/13/16,0.002579694,-0.000427066,-0.011221821,-0.00205506,0.002790158,-0.005357378,0.002793217,0.000381565,0.001722471,0.000146275,0.002295531,-0.003731231,5.23E-05,0.00045082,0.002796468,0.001968334,0.004366672,-0.002489159,-0.005191537,-0.000832343,-0.002782394,-0.010184214,0.001459021,-0.00424227,-0.004196778,0.008226146,-0.000417659,0.000287871,-0.001480004,0.002231576,-0.001394331,0.00596797,0.000448845,0.001033355,-0.004184015,0.008263748
1/14/16,0.00018379,0.002702616,0.003742895,0.004351403,0.0057116,-0.000877625,0.00248079,-4.91E-05,0.000464834,0.000172926,0.003535007,-0.001985508,0.001151843,0.00995601,0.00566109,0.003514854,-7.04E-05,0.004639172,0.003861944,0.002311483,0.013956812,-0.002884363,0.010066945,0.010812337,-0.002833967,-0.006479501,0.002555216,-0.019387582,0.005744055,-0.000372061,0.002719913,0.000919161,0.005464496,0.002887586,0.003166248,-0.006620366
1/15/16,0.004961411,0.021721287,0.015802256,0.013388578,0.015799025,0.012739772,0.004290431,-0.004195213,0.004987076,-0.004360767,0.006368342,-0.004088234,-0.004061863,0.010121637,-0.003536901,0.009697831,-0.005428868,0.002584445,0.006265041,0.024385837,0.010876773,0.010859677,0.006096011,0.016373799,0.022867182,0.004075273,0.007058868,0.014545771,0.009853954,0.004751855,0.006820686,-0.003609327,0.008050278,0.005376113,0.012364503,0.00411126
1/18/16,-0.004205522,-0.005640778,-0.00757576,-0.002796923,-0.005644928,-0.004641784,-0.005203479,0.002815459,-0.005146414,0.002989178,-0.00380959,0.003872329,0.002372036,-0.005190584,0.003927231,-0.007018288,0.000825466,-0.005910593,-0.005042933,-0.004314668,-0.006254614,0.005350549,-0.006305916,-0.00228107,0.01608464,-0.001835344,-0.005173387,0.006011588,-0.010665348,-0.002682477,0.000252095,0.002964063,-0.005864488,-0.005875905,-0.010409849,-0.001703389
1/19/16,-0.002662505,-0.010682883,-0.000511685,0.00421068,-0.002181264,-0.008673031,-0.002632186,-0.004539086,-0.002394828,-0.004453758,-0.000360898,-0.004970199,-0.004856799,-0.002176092,-0.01167136,0.00192829,0.000226605,-0.001182141,-0.009695434,-0.005669003,-0.009603187,-0.015477725,-0.005459383,-0.007776182,-0.011896995,-0.005562902,-0.004533812,-0.010506316,-0.005465172,-0.004116349,-0.008638963,-0.005141421,-0.00174119,-0.002937223,-0.000720815,-0.005678482
1/20/16,0.014268618,0.025232165,0.031002081,0.014584818,0.019509775,0.019509775,0.014006545,0.014253796,0.013296662,0.014069534,0.015501133,0.015672985,0.014972401,0.019512562,0.019478274,0.014779315,0.003239276,0.022820518,0.021355556,0.03679553,0.030327378,0.026352579,0.019185742,0.027287061,0.058461022,0.02086359,0.016175271,0.003949301,0.022002784,0.014480145,0.019504579,0.014319164,0.020942034,0.014436294,0.021450404,0.020865037
1/21/16,-0.00481031,-0.025821993,0.000614122,-0.006939104,-0.028412725,-0.012109323,-0.004628751,0.001646955,-0.004275741,0.001995352,-0.006386889,-0.002299029,0.001898661,-0.0071211,0.000203601,-0.005110813,0.005275783,-0.011993566,-0.008998819,-0.011500571,-0.024962028,-0.013978238,-0.007242165,-0.002447127,0.004891335,-0.008408497,-0.007645806,-0.007069538,-0.013569486,-0.00481031,-0.007383238,0.00297569,-0.011698047,-0.00716806,-0.015419939,-0.008376814
1/22/16,-0.000182399,-0.001652719,-0.005771892,-0.007818711,-0.006640534,-0.01117335,-0.000182399,0.001603171,-4.18E-05,0.001669657,-0.003060989,-0.006835898,0.000697521,-0.005204461,-0.006626368,0.003164671,0.006703515,0.004126451,-0.018410322,-0.001102692,0.005619125,-0.006644391,-0.001270909,-0.004315274,-0.052347846,-0.000449166,-0.005059897,0.000386326,-0.007483971,-0.000182399,0.001195114,0.003614302,-0.002415729,-0.005869769,-0.005998942,-0.000836212
1/25/16,0.009395239,0.015695552,0.004924214,0.013741723,0.0165996,0.017119267,0.009564013,0.008239487,0.009911269,0.007714441,0.008877095,0.009605464,0.010066702,0.012249466,0.006703324,0.004710624,0.010673817,0.002550872,0.009230815,0.015576772,0.010965569,0.007863094,0.015572921,0.011281867,0.026278114,0.010149544,0.009607311,0.001488915,0.008888938,0.009886326,0.008653763,0.009216243,0.009214457,0.0060874,0.012919077,0.010413523
1/26/16,0.006325682,0.001416092,0.001528618,-0.000440207,-0.007090111,0.001026442,0.006845676,0.004573443,0.005091605,0.005017775,0.006958803,0.005941522,0.004910835,0.006786223,0.012580218,0.006072053,0.005476964,0.003405044,0.005037503,0.001392979,0.003329696,0.000896592,0.005088818,0.002790352,-0.004866369,0.007372345,0.004775538,-0.008602304,0.010786644,0.006605314,0.005597661,0.01040104,0.005424361,0.004559215,0.003958406,0.007449487
1/27/16,0.002424569,-0.007615122,-0.001244159,0.008016675,0.001070134,-0.002505022,0.001541416,0.000574082,0.003539984,0.000348188,0.002617509,0.006217941,0.0001388,0.005427302,0.001056612,0.003056344,0.006147594,0.002457726,-0.00561146,-0.002621739,-0.002846213,-0.002010581,0.002780009,0.004008794,-0.014403891,0.00130293,0.004111679,-0.004053553,0.001923732,0.002076481,-0.003170533,0.001283427,0.005150421,0.001305386,-0.004466663,0.001251824
1/28/16,-0.002060378,-0.003331189,0.008518574,-0.008151624,7.15E-05,-0.005986249,-0.002257614,-0.009617224,-0.000938439,-0.009857883,-0.002111589,-0.010309524,-0.007303024,-0.000416036,9.28E-05,-0.00666138,-0.004158477,0.004904141,-0.012188175,-0.00553506,0.005689218,-0.00545857,-0.006034575,-0.010951086,-0.015161529,0.000681068,-0.00275902,0.000471146,0.001764101,-0.002060378,-0.003560317,-0.006335175,-0.002090118,-0.001195926,-0.007733523,0.000766646
1/29/16,-0.001974865,-6.61E-05,-0.017775571,0.009682032,-0.001478441,0.001041037,-0.001944513,0.008788869,-0.002471573,0.009196895,-0.002794346,-0.000687046,0.005942855,-0.004847977,-0.011286138,0.000197555,0.018295155,0.003499603,-0.015926136,-0.007423493,-0.000746964,0.007180374,-0.003855172,-0.000899276,-0.012212693,-0.006142484,-0.004282195,-0.016608855,0.002829306,-0.001905529,0.006428766,0.007075083,-0.005514278,-0.00576434,-0.005465637,-0.00612246
2/1/16,0.013221802,0.011430899,0.001568647,0.000331269,0.007896631,0.010467363,0.013576162,0.008382578,0.012096331,0.007964841,0.011426417,0.0062696,0.007889627,0.013759099,-0.00189872,0.011891141,0.013054425,0.007727394,0.013294966,0.017671369,0.006603292,0.01290782,0.012711792,0.002363464,0.027790043,0.01468318,0.013079506,0.015156578,0.008702601,0.013644125,0.009121603,0.010903398,0.012706646,0.010694569,0.010212571,0.014631243
2/2/16,0.001775411,0.005323025,0.001926129,-0.000469658,0.004207251,0.005730769,0.001851548,-0.000197279,0.002300396,-5.70E-05,0.004120644,0.005007624,0.001421062,0.00226211,0.004206547,0.004207458,-0.004348619,-0.004015579,0.014433527,0.012123312,0.003992738,0.002960032,0.007282905,0.000734811,0.030213529,0.006557984,0.003956395,0.030282821,0.008590775,0.001497159,0.006056903,-1.15E-05,0.004683104,0.006785273,0.001063296,0.006523161
2/3/16,0.003101462,-0.007447068,-0.006807327,-0.00908833,-0.010759057,-0.008733591,0.002872764,-0.010269119,0.002550427,-0.010050738,0.003745103,-0.013169218,-0.007083876,0.002835767,0.00884146,-0.000896874,-0.016658745,0.003764232,0.006415411,-0.001565136,-0.021397801,-0.00952861,0.001887307,-0.007900344,-0.007969345,0.001770135,-0.00027267,-0.00074454,0.002192182,0.003449834,-0.008336891,-0.007742079,0.002413094,0.003045377,-0.006820479,0.001904963
2/4/16,0.02155477,0.010115106,0.00355107,0.021405875,0.012701197,0.00756404,0.019473673,0.008268763,0.021881212,0.008287532,0.020257749,0.006998468,0.009884849,0.016186792,0.012687237,0.009238464,0.01098756,0.011571931,0.003840367,0.012172012,0.011284128,0.006440311,0.015172721,0.00920344,0.000832915,0.02109318,0.002376376,0.059234801,-0.001279389,0.021483839,0.012072837,0.006913185,0.006853507,0.015842814,0.017220965,0.020750702
2/5/16,-0.005188516,0.013182092,0.002273339,0.002424948,0.005682948,0.007725177,-0.003839732,0.001306103,-0.004413097,0.000927539,-0.004460372,-0.00278585,0.00012142,-0.002170903,-0.004163692,-0.011437172,-0.002802059,-0.01759298,-0.002454529,0.002723703,0.011137419,0.008801442,-0.001925536,-0.000348688,0.005688356,-0.009421081,0.002510491,-0.029868014,0.011849089,-0.004635881,0.004463294,-0.003966352,0.00520832,-0.004125713,-0.002351569,-0.009160736
2/8/16,0.037291377,0.034426134,0.034823342,0.040922887,0.040655323,0.045966841,0.037212474,0.033672163,0.036271568,0.033700855,0.037105034,0.037328679,0.03304128,0.040657865,0.040646333,0.0424029,0.025943232,0.052525062,0.037540756,0.052927517,0.034271206,0.036797004,0.039943462,0.0421565,0.051204136,0.038676427,0.034857286,0.023472231,0.037033259,0.037219388,0.034955493,0.0314908,0.039157233,0.03507737,0.047277634,0.038734102
2/9/16,-0.001927428,0.001971293,-0.004410196,-0.006848295,-0.00916867,0.001061149,-0.001623726,-0.015323273,-0.000855919,-0.015003053,-0.001184491,-0.010971777,-0.010978375,-0.003820636,-0.009167257,-0.009178963,-0.009172338,-0.008270195,-0.002023385,0.005831137,-0.004444468,-0.005479329,-0.005766249,-0.015654903,0.003837437,0.001905579,-0.006409151,0.002307947,-0.005736549,-0.001927428,-0.009770387,-0.019482102,-0.007990653,-0.005860055,-0.00517881,0.002041051
2/10/16,-0.000839631,-0.002677492,0.011284793,0.000274987,0.009860495,-0.001987978,-0.001067586,0.007934372,-0.001758082,0.007539191,-0.001634079,0.007064603,0.005272023,-0.00092795,-0.009541448,0.004793372,-0.008319417,0.00330904,-0.009798233,0.002190061,-0.000773153,-0.001282774,-0.005557102,0.001601377,-0.002093632,-0.00452941,-0.002341912,-0.002055076,-0.009077898,-0.001047673,0.006800357,0.005908395,-0.007066897,-0.003408747,-0.003696999,-0.004634082
2/11/16,0.042857143,0.041748428,0.052181375,0.044562514,0.040020046,0.044291227,0.0429682,0.030220061,0.043416852,0.030099979,0.043084683,0.027350392,0.03344546,0.052291288,0.050078177,0.045270792,0.021729271,0.036701824,0.047131977,0.061551691,0.038555557,0.041298477,0.044967923,0.030440601,0.059138962,0.044636905,0.038146115,0.024206044,0.049863237,0.042857143,0.028804956,0.035157396,0.041498515,0.041055038,0.042643508,0.044504133
2/12/16,-0.000966962,-0.001250496,0.000491811,-0.001630925,-0.007780181,-0.01183043,-0.001194917,0.010329707,-0.00103076,0.010417933,-0.001428463,0.007649798,0.007694669,-0.00632054,-0.007763105,-0.003607059,0.010033044,-0.001637207,0.006272932,-0.010648624,0.007175334,0.004547329,-0.001639627,0.006271292,-0.01960862,-0.001605237,0.004933831,-0.002988372,0.005199908,0.000142689,0.009769923,0.005537776,0.001457655,0.009862818,0.000636513,-0.001428685
2/16/16,-0.024439426,-0.025131804,-0.004942438,-0.012958592,-0.022676577,-0.020182655,-0.032781356,-0.016071312,-0.025760243,-0.016154224,-0.024426902,-0.013622644,-0.01726839,-0.018811109,-0.022696316,-0.019646071,-0.016233453,-0.021164744,-0.028533799,-0.035423272,-0.015195163,-0.021455505,-0.022672924,-0.015705068,-0.035820282,-0.027038079,-0.018012532,-0.018314258,-0.013197267,-0.024642372,-0.017281152,-0.012916192,-0.018947967,-0.023453485,-0.011367646,-0.027039788
2/17/16,0.000413394,-0.008610221,-0.016895479,-0.001502176,-0.012290268,-0.012286684,0.00231713,0.000293979,0.001782491,0.000346531,1.53E-05,-0.001020685,0.001571389,-0.002419397,0.007327666,-0.001584155,0.002521562,0.002187236,0.015399597,-0.026788822,-0.008911714,-0.005490632,0.000413394,-0.000598274,-0.03233083,0.001108107,0.000271057,-0.015191651,0.002709237,-0.000141697,0.001837864,0.004765129,0.001647766,-0.000708869,-0.005880631,0.000986337
2/18/16,8.26E-05,0.002519598,0.007180944,-0.000933932,0.002786756,0.003811791,-0.001495159,0.003768801,-0.001130846,0.004427585,-0.000829265,0.003815368,0.005606193,0.003273868,-0.007077147,0.003930498,-0.003860553,-0.001420285,-0.01154512,-0.006098809,0.000281442,0.003418625,0.000355891,0.000462279,0.017296276,0.003072189,-0.000628905,0.015863693,0.008178824,0.000290851,-0.004030504,0.00147274,0.000353181,-0.000591247,0.004958454,0.003081066
2/19/16,0.017436575,0.02085543,0.024277763,0.016707512,0.023368718,0.012483784,0.018045324,0.014411192,0.018035083,0.014310585,0.016573388,0.008341926,0.013855806,0.017778017,0.023336074,0.017280591,0.006696569,0.020669342,0.027744307,0.023372415,0.019189033,0.013202431,0.018077911,0.011156421,0.031401261,0.015703801,0.018378311,0.005929655,0.016941392,0.017154209,0.013967087,0.0128007,0.018445482,0.022038809,0.012843028,0.015473533
2/22/16,-0.016406758,-0.031685604,-0.0431712,-0.003527663,-0.024674044,-0.027141112,-0.016301193,-0.006814303,-0.015652507,-0.006699957,-0.016507992,-0.011545214,-0.009014203,-0.016851504,-0.024621542,-0.017437356,-0.010985102,-0.03162271,-0.018978182,-0.029808384,-0.032083364,-0.012411165,-0.017232907,-0.009746986,-0.043969174,-0.01438792,-0.020674732,0.007712648,-0.022872514,-0.01674807,-0.009512603,-0.007153923,-0.020422388,-0.017039488,-0.021300422,-0.014103637
2/23/16,0.008587944,0.012676025,0.019385541,0.016997603,0.016473871,0.014932548,0.009252821,0.008990104,0.0072355,0.008787957,0.008393286,0.011122539,0.007908923,0.009397428,0.006558289,0.008974979,0.000740398,0.023650161,0.009645416,0.018603324,0.018009565,0.008869361,0.010156477,0.012948495,0.019272536,0.006334236,0.014928998,0.031822227,0.013696387,0.008798008,0.0064653,0.001773024,0.011810464,0.008305671,0.007798886,0.006286608
2/24/16,0.024070738,0.028795402,0.025101354,0.031949422,0.022140211,0.020597616,0.024572795,0.02364745,0.024646949,0.023484169,0.024110275,0.033202112,0.024054879,0.023159896,0.022158732,0.025930114,0.016405265,0.029264384,0.028092916,0.025533295,0.028298209,0.031795397,0.024264134,0.023039527,0.030091436,0.044438574,0.022689315,0.037302788,0.028565563,0.02364425,0.024034541,0.017816273,0.025363058,0.022952663,0.025639474,0.044563306
2/25/16,-0.011832427,-0.016157788,-0.023853568,-0.011956332,-0.025543019,-0.014112266,-0.011484396,-0.012430759,-0.011630356,-0.012257174,-0.011819711,-0.010324256,-0.013515886,-0.006756175,-0.006213218,-0.014329647,-0.000476219,-0.011012317,-0.011293533,-0.016981674,-0.021595505,-0.013120529,-0.012889712,-0.015044725,-0.020644508,-0.030767096,-0.014502011,-0.071003772,-0.010392999,-0.009773888,-0.008432621,-0.008495682,-0.015539094,-0.012497077,-0.016097995,-0.030822969
2/26/16,-0.007686084,0.00318467,0.013143873,-0.002819089,-0.009732846,-0.005678222,-0.006379748,0.000745475,-0.00804112,0.000957575,-0.007430692,0.002547582,-0.002151719,-0.008233576,-0.009753251,-0.006594122,0.0018266,-0.007850658,-0.009731947,-0.004950327,-0.000110154,-0.004648681,-0.00972844,0.002248595,-0.005853218,-0.009986964,-0.00414918,-0.00258791,-0.003436174,-0.005279391,-0.00285053,-0.000104585,-0.004876436,-0.004235332,0.008573583,-0.010062561
2/29/16,0.006848757,0.003690466,-0.001431456,0.002660534,0.005065013,0.010755324,0.008957485,0.012720455,0.007209122,0.01272582,0.007353936,0.006954711,0.010871927,-0.002029696,0.005047193,0.005072828,-0.000764132,0.004176564,0.005366374,0.000537267,0.013942068,0.008298044,0.004009399,0.008033285,-0.004421543,0.006310824,0.005346851,0.000118837,0.004175277,0.007962373,0.008884149,0.005950019,0.005306412,0.002402887,0.001979199,0.006326888
3/1/16,0.001295651,-0.001640279,-0.006705254,-0.000335532,-0.007293441,-0.00627172,0.000959595,0.002885588,0.001129321,0.003156391,0.000561753,0.003086752,0.002357308,-0.005792622,0.002641781,-0.002678761,0.010432208,-0.000303064,-0.007300694,-0.008123354,-0.001612018,-0.003448025,-0.00206433,9.40E-05,-0.019814156,0.003811335,-0.001696055,0.005589372,-0.005490055,-0.000571147,0.008056508,0.004542271,-0.004337051,0.000902149,-0.007287848,0.0037553
3/2/16,0.002183583,-0.010827121,-0.011321361,-0.005643465,0.00674338,-0.003025166,0.001847115,0.002620874,0.002362896,0.002466228,0.002673642,0.006955551,0.001868218,-0.002831329,-0.003198473,0.002363947,0.001655701,0.007826395,0.001149859,-0.001007372,-0.001265818,0.008042477,0.000761715,0.00198289,0.002347198,0.001862952,0.001110964,0.008832768,-0.000584206,0.002530239,0.002218409,0.001070491,0.003032505,0.000607557,0.001228342,0.001938003
3/3/16,0.008957392,-0.003580339,-0.00907312,0.002206711,0.004387567,0.008502205,0.005846083,-0.000195746,0.008570621,-0.000474059,0.008490216,-0.005351816,0.001482256,0.005394975,0.004341989,0.00846461,0.006032878,0.004812457,0.001592209,0.012575956,-0.006254705,-0.003987914,0.004742437,0.003197839,0.008243717,0.010625713,0.001678485,0.022389088,-0.004684942,0.008050307,-0.001373748,0.002681034,0.003894764,0.005722281,0.002219091,0.010633538
3/4/16,0.021754779,0.012732662,-0.003755033,0.016477344,0.016420041,0.012278521,0.017921477,0.01589348,0.023374331,0.015938741,0.020939615,0.009367027,0.015440235,0.017951853,0.006436924,0.027746088,0.025085023,0.023352333,0.017058874,0.013482154,0.013486482,0.011233113,0.016424074,0.01012551,0.000516611,0.019959267,0.010654342,0.026163432,0.009099902,0.025927516,0.013838927,0.02232123,0.00896616,0.019390674,0.017969463,0.019837947
3/7/16,-0.007514677,-0.012967083,0.00469979,-0.009519356,-0.010193651,-0.009177425,-0.00583661,-0.007163194,-0.008274678,-0.007012059,-0.007578584,0.000937144,-0.007321567,-0.006698964,-0.010171426,-0.007260916,-0.010129003,-0.00728392,-0.014750117,-0.008911442,-0.007649626,-0.008296465,-0.003924181,-0.004632852,-0.016027292,-0.001187888,-0.004554836,-0.021579394,-0.003033931,-0.007514677,-0.00766685,-0.002915348,-0.006049078,-0.006251545,-0.003687437,-0.001134395
3/8/16,-0.000709835,0.001304261,-0.002324368,0.001369646,0.005901512,0.002305746,-0.00241189,-0.002743999,-0.001348,-0.00275506,-0.000323741,-0.003191575,0.000106629,0.004378079,0.005880575,-0.002906583,-0.009331231,-0.004725048,0.006506404,0.009542761,0.003706692,0.00461642,0.000611639,-0.005278019,0.020125349,-0.007145591,0.002696259,-0.031909216,0.004114037,-0.001812044,-0.000474081,-0.00351562,0.006135669,-0.001528393,-0.002423531,-0.007092829
3/9/16,-0.016258879,-0.026372585,-0.037241738,-0.016972485,-0.027500375,-0.022524838,-0.0150492,-0.015560933,-0.015567379,-0.015770767,-0.016537502,-0.01884804,-0.019968455,-0.019605484,-0.017832745,-0.018350605,-0.012589833,-0.014061345,-0.014154927,-0.027731559,-0.021786263,-0.019989227,-0.019255407,-0.018015784,-0.037445403,-0.018358199,-0.019600584,-0.028081738,-0.015932948,-0.015783642,-0.022546915,-0.01476511,-0.016438964,-0.01920671,-0.023863557,-0.018456225
3/10/16,0.016126444,0.027675943,0.011416289,0.011454765,0.026643921,0.024561271,0.01514367,0.003549247,0.014711895,0.00359536,0.015995591,0.00974893,-0.000447903,0.017868306,0.016591668,0.013230828,0.017115331,0.019202542,0.008733566,0.026625041,0.037916888,0.019433191,0.015518544,0.008179232,0.023885966,0.021396133,0.018484559,0.019648187,0.015453346,0.015775983,0.009927315,0.006046189,0.019103195,0.015550213,0.020840995,0.021452723
3/11/16,-0.001342282,-0.01828884,-0.016110417,-0.009939089,-0.013141274,-0.001942076,-0.003444719,-0.00317934,0.000560775,-0.003114078,-0.002152588,-0.002524931,-0.002808076,-0.005146636,-0.003398857,-0.003579176,0.002982822,-0.002302816,-0.002464534,-0.012615199,-0.01565256,-0.016907571,-0.008281112,-0.011992847,-0.028777475,-0.008088175,-0.009073732,-0.005941274,-0.019298096,-0.00051535,-0.005671413,-0.005737729,-0.00927296,-0.006867085,-0.012287419,-0.008041406
3/14/16,-0.017394054,-0.009880184,-0.015112462,-0.010406823,-0.011594337,-0.017682107,-0.016425642,-0.011593408,0.121770512,-0.01099053,-0.017381389,-0.015134622,-0.011593215,-0.014091547,-0.021299245,-0.014503589,-0.017480529,-0.016382807,-0.013741244,-0.012506849,-0.006630503,-0.009702926,-0.014369024,-0.013325981,-0.003698659,-0.011158711,-0.013596613,0.008076953,-0.014243613,-0.017732791,-0.017782972,-0.01313021,-0.014742028,-0.016020486,-0.014380871,-0.010999889
3/15/16,-0.008690055,-0.002060963,0.019879137,0.002241997,-0.003768182,-0.002745451,-0.006676995,-0.009265917,-0.009532459,-0.009273547,-0.008447281,-0.00666458,-0.009426098,-0.006269706,0.006143082,-0.006088593,-0.015582634,-0.010268103,-0.001298709,-0.000550397,0.002647916,0.000693827,-0.005519939,-0.005502563,-0.004824698,-0.011881448,-0.005665793,-0.005928929,-0.002020181,-0.008621684,-0.011830198,-0.009494379,-0.003535352,-0.007984034,-0.00159574,-0.01200232
3/16/16,-0.002840909,0.001326945,0.016404622,0.00183462,-0.002616979,-0.001591063,-0.00164678,0.000398888,-0.001568766,0.000549809,-0.002571063,0.005791576,0.001171185,-0.004129305,-0.002614745,-0.003199139,0.005024655,0.016403384,-0.002310326,-0.001950936,-0.000994562,0.000586916,-0.002264911,-0.000289246,-0.013126976,-0.000418811,-0.000963428,-0.000664714,-0.007006152,-0.002497061,-0.001376581,3.36E-05,-0.004813198,-0.004969953,0.005242027,-0.000557899
3/17/16,0.030932031,0.003040009,-0.017788149,0.00319786,0.001767811,0.005901177,0.023754776,0.008878371,0.022889397,0.00893099,0.030148426,0.005155074,0.011379102,0.021304459,0.021970793,0.020214106,0.008630828,0.010438368,0.011792701,-0.000553827,-0.004112853,0.003050172,0.018169097,0.006425899,-0.001904868,0.030026139,0.006490708,0.018822627,-3.05E-05,0.02958162,0.014402424,0.010063384,0.01549854,0.022990925,0.005287482,0.030231155
3/18/16,-0.011369917,-0.008499944,-0.015654308,-0.013088875,-0.011522201,-0.004319967,-0.012011111,-0.009508966,-0.011314235,-0.0092331,-0.011688571,-0.011729537,-0.008664406,-0.015569655,-0.01152068,-0.011805878,-0.009859337,-0.013703763,-0.013683214,-0.01688283,-0.008194952,-0.012790737,-0.005869204,-0.014111398,-0.011006909,-0.010263301,-0.006685507,-0.028203562,-0.007094575,-0.010209713,-0.008387096,-0.011226936,-0.00980926,-0.008612827,-0.006513318,-0.010831858
3/21/16,-0.005750339,-0.002720938,-0.005447139,0.002071353,0.000912711,-0.002200973,-0.003553391,-0.002631964,-0.006422289,-0.002966081,-0.005788808,-0.000576667,-0.004835242,-0.00417659,0.000921968,-0.006472792,-0.004144264,-0.005949156,-0.002804778,-0.000404911,0.001156994,0.001559443,-0.006199868,-0.004881424,-0.008961787,-0.004638677,-0.004797923,-0.007641447,-0.007976527,-0.003419478,-0.004757458,-0.006202196,-0.006272691,-0.00495218,-0.007416738,-0.004181952
3/22/16,0.006104908,0.002055427,0.000583907,0.019188706,0.004719195,0.002644798,0.006709883,0.0088099,0.006422438,0.00910709,0.006117884,0.012005176,0.008582722,0.008315762,0.004733051,0.00411914,0.008088091,0.010565455,-0.008531597,0.002807341,0.006649337,0.006655929,0.002225772,0.009991641,-0.001512271,0.001075186,0.008252806,-0.00135888,0.00384712,0.006104908,0.006619007,0.008974384,0.005700488,0.007401918,0.008920073,0.001241858
3/23/16,-0.027864271,-0.015930314,-0.003671952,-0.020553318,-0.016542179,-0.024120691,-0.025272828,-0.023002421,-0.027042721,-0.023334994,-0.027789044,-0.019047666,-0.025902476,-0.024010008,-0.026389439,-0.029103789,-0.02073603,-0.026799607,-0.029636912,-0.017320743,-0.019189182,-0.017800156,-0.024479969,-0.023636369,-0.013479254,-0.02653927,-0.024222244,-0.031330471,-0.019202508,-0.021377571,-0.02269843,-0.025029443,-0.022571773,-0.019186475,-0.024270173,-0.026670588
3/24/16,0.002792378,0.005058405,0.010345292,0.00050012,0.007805201,0.008843725,0.00385572,0.003739317,0.002476261,0.003856938,0.003581246,0.005009838,0.004939685,0.002222363,0.007805201,0.00112023,0.00270336,0.005817544,0.011474998,0.008916039,0.003800278,0.003926184,0.002511472,0.006345207,0.017825318,0.006271602,0.006021511,0.006311675,0.00425405,0.007726166,0.007801852,0.006326276,0.003347703,0.004327961,0.002792378,0.00639984
3/28/16,0,-0.004509244,-0.017919793,-0.00741076,-0.006405909,-0.005382337,-0.001013202,-0.00389344,-0.001542897,-0.004052108,-0.000283494,-0.004697509,-0.004519747,-0.003397542,0.003617454,-0.000365373,0.005504261,-0.001883924,-0.004292058,-0.009586477,-0.005288172,-0.008940861,-0.001508783,-0.008394571,-0.012608251,-0.000132982,-0.000948351,-0.006240143,-0.002825342,0.006051952,-0.003285713,-0.003327395,0.002183138,0.000792797,-0.003162248,-0.000380177
3/29/16,0.004095004,0.001745091,0.013559269,0.001863173,0.001810201,0.012756228,0.003786403,0.004336522,0.005805172,0.004590187,0.003965579,0.007577456,0.005633319,0.002315603,0.012011951,0.0021027,0.00444962,0.010179622,0.000292183,0.00593527,-0.006648677,0.008898374,0.003206329,0.005551442,0.009150354,0.000569427,-0.000157461,-0.009138652,0.005301953,0.005791684,0.001185076,0.005147071,0.00329402,0.005316531,0.002029829,0.00063082
3/30/16,0.008401305,-0.00457094,-0.007987653,0.000769319,-0.006317644,-0.005809835,0.002107904,-0.003283934,0.009059886,-0.002929427,0.007946315,-0.001623422,-0.002509016,0.006914525,-0.006249139,-0.001675586,0.002349117,0.002294207,-0.005722669,-0.005146277,-0.007786894,-0.008229466,1.32E-05,-0.001397765,-0.00943303,0.00713616,-0.000546158,0.002689781,-0.011574743,0.014933459,-0.004445816,-0.002546644,-0.003334013,0.004753975,0.000193756,0.007219284
3/31/16,0.000566206,-0.000814415,-0.017099315,0.001199676,0.001260936,-0.010575924,-0.001724411,-0.004804512,-0.000751129,-0.004773261,0.000979151,-0.007247905,-0.006356371,-0.001303166,0.001247017,-0.006572198,-0.001388372,-0.002647746,-0.008977016,-0.001753007,-0.001093911,-0.00829166,0.001634371,-0.007948346,-0.005482952,0.001127796,-0.003209237,0.004295461,-0.00223503,-0.020631094,-0.006233354,-0.005246634,0.000255355,-0.003888827,-0.005706274,0.000730049
4/1/16,-0.018916734,-0.018163619,-0.021210664,-0.006727612,-0.013168347,-0.015694955,-0.014642557,-0.018616759,-0.019170989,-0.018413844,-0.019283527,-0.019450531,-0.018757594,-0.017183999,-0.023141707,-0.013720844,-0.021622569,-0.013441102,-0.022007274,-0.012420626,-0.015044305,-0.011283325,-0.015970153,-0.018258889,-0.00957892,-0.016531902,-0.017313776,-0.009705975,-0.011428206,-0.018849537,-0.016238893,-0.017954416,-0.016325147,-0.016093996,-0.015926475,-0.016507328
4/4/16,0.005108767,0.012664237,0.021739961,-4.48E-05,0.004261354,0.008909397,0.005263922,0.003756968,-0.00535852,0.005005779,0.005186543,0.000476089,0.003307497,0.000701392,0.004269842,0.006572234,-0.002602835,-0.002960261,0.008465758,0.012880077,0.011902853,0.004262665,0.007834944,0.003680941,0.010572442,0.004707013,0.007344495,0.013410839,0.00782173,-0.000467139,0.006136296,0.005884128,0.009002968,0.006165124,-0.000537911,0.004862531
4/5/16,0.009427775,0.021416411,0.028045592,0.018492377,0.019803912,0.014583055,0.009271978,0.009180605,0.019786246,0.010071411,0.009727173,0.010237467,0.009321172,0.014668024,0.00958109,0.01834022,-0.00064563,0.016319559,0.014648998,0.025322,0.018003347,0.013983777,0.01119713,0.01373578,0.023019724,0.010073602,0.013311051,-0.000926399,0.01714136,0.005465145,0.011601339,0.006094595,0.011734112,0.011318197,0.014772079,0.010224807
4/6/16,-0.008040283,-0.01953391,-0.01120568,-0.008882425,-0.01504501,-0.009465681,-0.00771872,-0.010621653,-0.007503502,-0.012273059,-0.008180953,-0.011762526,-0.005751467,-0.006531769,-0.005102816,-0.013914635,-0.012634357,-0.011682489,-0.01033982,-0.011730775,-0.014576974,-0.015040813,-0.010868821,-0.009710561,-0.026296242,-0.006163973,-0.015789397,0.001343213,-0.011630623,-0.00721725,-0.008296046,-0.010943053,-0.010148755,-0.010006896,-0.003903027,-0.006151195
4/7/16,0.016947765,0.031578436,0.03258541,0.022636359,0.023635653,0.027342487,0.014091611,0.020069295,0.017429019,0.020689833,0.017118224,0.019811254,0.019783428,0.020005519,0.013406271,0.015393004,0.00182483,0.019277426,0.016350538,0.030757172,0.026614436,0.021684547,0.019305074,0.026286303,0.02045257,0.012972672,0.021177808,-0.000219754,0.019146666,0.016596488,0.018558875,0.017992384,0.017324494,0.015158482,0.022281282,0.013164621
4/8/16,-0.002093229,-0.008608154,-0.023901432,-0.003540713,-0.014829561,0.001233322,-0.001599063,-0.003940724,-0.002306762,-0.003786156,-0.002183281,-0.003621584,-0.004537339,-0.005249269,-0.004898255,-0.004806722,0.001603406,-0.002423782,-0.005076165,-0.010560452,-0.007974403,-0.014198948,-0.004681441,-0.003416889,-0.015334011,-0.00134733,-0.005193465,-0.004121495,-0.009585927,-0.001817374,-0.003096581,-0.003190381,-0.00203164,-0.003908843,-0.003141487,-0.001549263
4/11/16,0.012343687,0.006455745,-0.019254577,0.002735088,0.005955678,0.009661805,0.011482478,0.012048842,0.00128219,0.011893397,0.012108753,0.00957075,0.010760477,0.010090821,0.016277066,0.008591884,0.008514005,0.010867723,0.008997225,0.005447302,0.005859169,0.009143456,0.011707503,0.008578828,0.003368769,0.014152987,0.010315544,0.019453341,0.005917505,0.01339282,0.007858077,0.012502866,0.010469381,0.010325458,0.004643502,0.014053447
4/12/16,-0.000159388,-0.008059663,0.009990845,-0.000515289,-0.008986293,-0.014186678,0.00052165,0.001128414,0.011455543,0.001209616,-0.000120707,9.69E-05,0.002485951,0.000262505,-0.00903708,0.000637594,0.005304222,0.002428552,-0.002395823,-0.007073993,-0.006262249,-0.003281337,-0.000788109,0.00503909,-0.015089997,-0.004552244,-0.000159388,0.019434392,0.002553053,0.008811506,-0.005237975,0.000396009,-0.000715765,-0.001129498,0.002665819,-0.00442826
4/13/16,-0.007014188,-0.005873524,-0.004526342,-0.005529122,-0.007557269,-0.01118205,-0.005032548,0.003189231,-0.007394282,0.003101118,-0.00686053,0.002074761,0.001144014,-0.003424271,0.002717986,-0.00432517,-0.000794306,-0.009544883,-0.009061159,-0.008544561,-0.008932736,0.000105384,-0.007552812,0.002467905,-0.000902202,-0.002977444,-0.001772404,0.013972995,-0.005714241,-0.007014188,0.001918993,0.004053082,-0.005048427,-0.006475262,-0.004251231,-0.0030276
4/14/16,-0.009552095,-0.016522278,-0.025405046,-0.004340175,-0.006145301,-0.01745744,-0.008665172,-0.008185898,-0.00949632,-0.0080774,-0.009449934,-0.006138368,-0.010005346,-0.010265664,-0.006172496,-0.00789995,-0.010368099,-0.008960508,-0.00402801,-0.016120352,-0.002498988,-0.009973219,-0.008283503,-0.006429296,-0.00971707,-0.010528244,-0.001494313,-0.009154032,-0.00437238,-0.009619846,-0.011182041,-0.008023262,-0.010408223,-0.007233406,-0.007464818,-0.010629782
4/15/16,-0.005510981,-0.007119815,0.003882771,-0.010294681,-0.003806497,-0.001225553,-0.006814917,-0.008401281,-0.006754163,-0.008187982,-0.005741757,-0.011911265,-0.008610273,-0.00639229,-0.01400318,-0.00790316,-0.008882131,-0.002278909,-0.002293397,0.005077213,-0.012269711,-0.005075873,-0.006308763,-0.009991131,-0.000721457,-0.004529883,-0.010326202,-0.008107906,-0.011805761,-0.011769908,-0.005694485,-0.005078944,-0.00655571,-0.007862019,-0.005371556,-0.004427719
4/18/16,0.005867492,0.002064444,0.023327211,0.001734946,0.002503649,0.002502327,0.006053928,0.003531142,0.001081104,0.003322948,0.005945316,0.006379943,0.003468556,0.004582145,0.012844165,0.006640417,0.006792173,0.005501747,0.011119526,-0.000261306,0.001070364,0.003777994,0.007919125,0.007561229,0.004578832,0.007287528,0.002975577,0.025652614,0.005165316,0.005798246,0.005038314,0.002206767,0.005525265,0.005235702,0.002307212,0.007262935
4/19/16,0.01709471,0.009295749,0.001097944,0.008615775,0.004475275,0.008658854,0.014204656,0.012776723,0.023282875,0.012292748,0.017042252,0.007513436,0.013291365,0.012348584,0.014939032,0.013136095,0.020083967,0.012587891,0.00601062,0.007945869,0.004380143,0.004478065,0.015090474,0.008358894,0.007071426,0.018474463,0.005364207,0.01347873,4.25E-05,0.026197795,0.011533941,0.013084084,0.01061199,0.011661139,0.010977976,0.018448515
4/20/16,-0.0027083,-0.004031588,-0.001075288,-0.001215306,-0.004993498,-0.002390412,-0.000391567,0.001223625,-0.002899225,0.001477949,-0.002618283,-0.000254893,0.002821744,-0.00239157,-0.004977795,-0.002920366,0.000122839,-0.003569548,-0.0077402,-0.004610978,0.002552047,-0.003077085,0.001576101,-0.001413631,-0.00498838,-0.007741648,0.001692613,-0.009495287,0.002163018,-0.006178916,-0.000535067,0.004917779,-0.000441305,-0.001419328,-0.007683644,-0.007794591
4/21/16,-0.00215655,0.005408188,-0.005362789,0.000382018,0.004402491,0.007034094,-0.000722711,0.000243244,-0.001605826,0.000341563,-0.001963565,0.002448544,0.000474075,0.002836892,-0.005949766,-0.00125458,-0.003341096,-0.00199069,0.004401076,0.007033505,0.008244925,0.006345631,0.003297561,0.006503361,0.006486681,-0.000158518,0.002450368,-9.87E-05,0.002605584,-0.00215655,0.001196634,0.003094607,0.001594625,0.003854211,0.00263361,7.45E-05
4/22/16,-0.00480269,0.000909737,0.009492807,-0.008226975,-0.007621502,-0.000298789,-0.002023495,0.000667836,-0.004757876,0.000606419,-0.004879664,0.002744381,0.000206747,-0.002931314,0.002716545,-0.004088964,0.01421324,-0.001064828,-0.002730641,-0.003546055,0.005533085,0.000100959,-0.000675636,0.014907031,0.00173891,-0.00543909,-0.00155692,0.014423389,0.004913812,-0.002008723,-0.004435069,0.000489008,-0.002800466,-0.005171575,0.001959454,-0.005560811
4/25/16,-0.003538969,-0.004076932,-0.014233293,-0.01076396,-0.003067234,8.53E-05,-0.004596832,-0.006699136,-0.004189554,-0.006562688,-0.003590354,-0.001952477,-0.006983014,-0.003060189,-0.003086101,-0.005125901,-0.00747225,-0.003769944,-0.001852001,0.005657375,-0.003880386,-0.00693357,-0.00012738,0.003099491,-0.003583949,-0.004415691,-0.004569664,0.013918893,-0.00310497,-0.006941021,-0.003072897,-0.006750137,-0.00458551,-0.003055788,-0.002628287,-0.004407155
4/26/16,0.002260069,-0.000833565,-0.003783767,-0.005931486,-0.002956742,-0.001895213,0.002167448,-0.00139931,0.002734234,-0.001762167,0.002143774,-0.001650483,-0.001980454,-0.000868609,-0.002899961,0.001487358,0.004065455,0.003056779,0.006982506,-0.010206985,-0.003304989,-0.004237148,0.000379215,-0.009085015,-0.007120519,0.001323978,0.001963565,-0.004091063,0.001649201,0.003496156,-0.001673409,-0.000805355,0.000865416,0.003717341,-0.007630539,0.001194881
4/27/16,0.004590481,0.024108416,0.007666281,0.008553478,0.00626294,0.005207292,0.005224926,0.00417805,0.003640396,0.004294852,0.004681154,0.002513676,0.002322618,0.006269235,0.006272444,0.003280819,0.004500164,0.005853866,0.001902014,0.00430159,0.010822861,0.006911207,0.008131928,0.00967925,0.003644409,-0.002090868,0.003921596,0.019021277,0.008966637,0.00555293,0.003039478,0.004331926,0.007047985,0.004304493,0.009186926,-0.001877134
4/28/16,0.00689434,0.001389679,-0.008956662,0.004886794,-0.00035753,-0.004573499,0.003778844,0.00645016,0.007768075,0.006677745,0.006985213,0.004259545,0.006544473,0.004942144,0.010107345,0.008932968,-0.017639769,0.002135105,0.001490614,-0.002547829,-0.010074627,0.006141351,0.004128971,0.005522091,-0.014216257,0.017182586,0.004210879,0.015590449,-0.003062804,0.006756664,0.007380113,0.004426614,0.003473021,0.003826376,-0.000784549,0.016929832
4/29/16,0.023646497,0.026850765,0.015886477,0.020720769,0.024054519,0.021895376,0.023520043,0.013427168,0.022632209,0.013283332,0.023699283,0.016037129,0.012078467,0.023507762,0.024034124,0.017033196,0.008363967,0.025584255,0.02756539,0.021922486,0.021577948,0.012858447,0.025591471,0.006909049,0.028288308,0.02370099,0.022430765,0.010498862,0.0268751,0.023576504,0.016837122,0.014421505,0.024598342,0.021190447,0.018110713,0.023563011
5/2/16,0,-0.003729355,0.013888487,-0.002690845,-7.97E-05,0.002562819,-7.72E-05,-0.006763612,0.000338127,-0.006589409,0.000296495,-0.00781967,-0.005894857,-7.53E-05,-7.57E-05,0.004415306,-0.003461502,-0.001988862,-7.68E-05,0.003083188,-0.0037006,-0.003285844,0.002919241,-0.001308866,0.008224345,-0.00234217,-0.002303805,-0.003635436,-0.004628821,-0.000410284,-0.007070041,-0.004343795,-0.001362524,-0.002004238,0.003040601,-0.00198472
5/3/16,0.006455627,0.026292568,0.023803854,0.01492688,0.017524393,0.01805593,0.009191448,0.007655013,0.001318682,0.007278529,0.006792859,0.010552057,0.007763476,0.008441494,0.00698903,0.012381475,0.004754895,0.001173975,0.012793314,0.023849571,0.018658082,0.012991379,0.006199026,0.009251997,0.028755121,0.012523789,0.013277785,0.011416393,0.014756656,0.006249076,0.013016369,0.004812985,0.008452997,0.009371969,0.022105223,0.012323054
5/4/16,-0.008500773,-0.003226841,-0.016789923,-0.003872719,0.006974306,-0.006128552,-0.00824115,-0.007198004,-0.002998744,-0.006766665,-0.008641281,-0.004518114,-0.007319903,-0.006563174,-0.003398847,-0.004587928,-0.00141464,-0.001879743,0.006354565,0.000769273,-0.000948847,-0.001307115,-0.004476198,-0.00738635,-0.009675764,-0.013864492,-0.003365752,-0.016395378,0.006081367,-0.007890202,-0.003746477,-0.004999261,-0.006199456,-0.002913184,0.005600828,-0.013710427
5/5/16,-0.002104443,-0.003814823,-0.003685402,-0.002913262,-0.004505464,-0.008118552,-0.000475602,0.005105251,-0.001992056,0.005208415,-0.001975866,0.003536075,0.005967662,-0.003990852,-0.004508467,-0.002736272,-0.000334133,-0.0041565,0.001696969,0.002404546,-0.005190293,-8.40E-05,-9.79E-05,0.005034549,-0.017196369,-0.003541182,-0.001810642,0.003213737,-0.000906283,-0.002650337,0.003041134,0.00945186,-0.00148823,-0.001224464,0.010679788,-0.003951995
5/6/16,0.006795282,0.021601095,0.00576826,0.010120398,0.012121827,0.003289707,0.006005894,0.004974397,0.006511841,0.005256928,0.006652605,0.010175886,0.003485127,0.006901218,0.001780681,0.008257064,0.0012588,0.005858355,0.007423697,0.014097874,0.014290553,0.010198201,0.001776299,0.011832652,0.007992806,0.009779216,0.007017533,0.017533918,0.00843389,0.006726399,0.009563932,0.008021662,0.006298222,0.004420293,0.006175737,0.009514124
5/9/16,-0.018386346,-0.013836823,-0.00958788,-0.016373884,-0.012840506,-0.003114698,-0.015803748,-0.016306337,-0.029189227,-0.016839333,-0.018133385,-0.0107094,-0.017496695,-0.01587824,-0.0128771,-0.021180902,-0.003022758,-0.01472897,-0.017112732,-0.006112066,-0.008916108,-0.015343289,-0.013905995,-0.016385998,-0.00524434,-0.019614572,-0.01145374,-0.024775768,-0.013685212,-0.017110215,-0.015320124,-0.018366104,-0.013598282,-0.01525431,-0.011704134,-0.018920427
5/10/16,-0.001975816,-0.005556893,-0.024954698,-0.005038696,-0.004664045,0.003145217,-0.001669514,-0.000660695,0.008606998,-0.000473693,-0.002168659,-0.004893594,5.14E-05,-0.003636596,-0.004610317,-0.004376688,0.006312656,0.00067041,0.008419751,-0.008688736,0.002691009,-0.003396569,-0.015769303,-0.001384904,-0.006190876,-0.001151135,-0.001611281,-0.00946687,-0.004694071,-0.003271597,-0.002783348,0.002891239,-0.002159784,-0.001408982,-0.000144703,-0.00137818
5/11/16,0.011165664,0.004403256,0.006684784,0.009280469,0.001568212,0.01753608,0.007148054,0.006136913,0.012305262,0.005927597,0.011048412,0.00911588,0.008259779,0.010391266,0.022405935,0.005377928,0.004040217,0.006352499,0.006277914,0.006338829,-0.003430589,0.002208572,0.00700538,0.005806634,-0.008079954,0.00858032,0.008285902,0.010712023,0.004261742,0.009781927,0.007902758,0.006341449,0.009425703,0.010362103,0.012400214,0.0087726
5/12/16,0.001879552,0.013517247,0.012072673,0.003866977,0.003596703,0.006271699,0.005629251,0.007179768,-0.003906379,0.007509313,0.001634265,0.00813017,0.006476643,0.004122948,-0.006737316,0.005964933,0.004465048,0.004142333,-0.002043351,0.007690789,0.006268046,0.004219701,0.003216139,0.005403738,0.009217296,0.003805678,0.007162256,-0.029405094,0.007303494,0.003938914,0.009994234,0.001177203,0.005364297,0.00552213,0.002897653,0.003819167
5/13/16,-0.010474478,-0.004829558,-0.006595651,-0.004754678,-0.004163925,-0.004162015,-0.008181731,-0.003163049,-0.004984397,-0.002873138,-0.009989836,-0.001592612,-0.004161421,-0.008278533,-0.004204099,-0.005641631,-0.007472608,-0.011261482,-0.008209554,-0.004054689,-0.005552137,-0.002889257,-0.00775273,-0.003562923,-0.014192681,-0.008074701,-0.010906995,-0.019708915,-0.004215941,-0.00945958,-0.002258437,-0.00394107,-0.00816768,-0.006077707,-0.005786688,-0.007996962
5/16/16,0.015720041,0.012026782,0.014301559,0.012815899,0.011559828,0.022453201,0.014118425,0.013113337,0.009898411,0.012668694,0.015746211,0.009405811,0.012529203,0.015233753,0.011608431,0.02384945,0.014044396,0.015551608,0.015669616,0.019413365,0.012276455,0.007721272,0.01193264,0.001577433,0.011561977,0.017043226,0.013129107,0.00981627,0.016237649,0.017385156,0.014145625,0.017385634,0.014632114,0.01323018,0.017191008,0.016933269
5/17/16,-0.006843988,-0.013947797,-0.009423393,-0.011895559,-0.006998121,-0.011266156,-0.006996271,-0.008008262,-0.001186357,-0.007676503,-0.006831194,-0.008093645,-0.007954298,-0.00751296,-0.006993492,-0.00728642,-0.006114598,-0.008260571,-0.009161451,-0.003300312,-0.012317225,-0.005747413,-0.009492974,-0.005812834,-0.012485964,-0.01074668,-0.007424527,-0.017589107,-0.009710483,-0.005760348,-0.008891733,-0.008043108,-0.009004214,-0.003982676,-0.010417813,-0.010883288
5/18/16,-0.00321065,0.006095551,0.006116334,-0.012117773,0.000115849,-0.004148458,-0.00039797,0.00215268,-0.004310698,0.002247649,-0.002966679,0.005328851,0.002035993,-0.000403718,9.10E-05,0.00368827,0.002641521,-0.008972055,0.0038827,-0.000157362,0.005722743,0.004570468,0.001905941,0.007670653,0.006682237,-0.003157509,0.003129507,0.0051185,0.006548483,-0.002463737,0.003961194,0.00315114,0.002634635,0.000102062,-0.001494832,-0.002830724
5/19/16,-0.020897164,-0.01119884,-0.000662261,-0.020496543,-0.006658973,-0.010357584,-0.01954961,-0.015701724,-0.020632252,-0.015509714,-0.020392777,-0.013698649,-0.015154463,-0.01178617,-0.006645517,-0.013708375,-0.019111295,-0.009840139,-0.012841989,-0.009791624,-0.015984389,-0.005396101,-0.015518863,-0.011429347,0.009124233,-0.024733508,-0.017838579,-0.003152863,-0.018420721,-0.021763568,-0.014871698,-0.013930411,-0.02053854,-0.01828615,-0.012352818,-0.0248674
5/20/16,0.006338763,0.006048459,-0.010851425,0.012997806,0.007873284,-0.002214958,0.006354131,0.006854764,0.006089239,0.006914291,0.006248086,0.006124838,0.005959399,0.004253796,0.007827209,0.009954195,0.012934702,0.003944935,0.006314103,-0.002560167,0.004437704,0.003399527,0.00249466,0.008460654,-0.00032256,0.00612333,0.007650618,0.009668364,0.005153939,0.007161495,0.005952554,0.00909527,0.004097269,0.006789543,0.002170615,0.006256267
5/24/16,-0.013793653,-0.009596122,-0.010337974,-0.021206802,-0.015145032,-0.012539029,-0.012679177,-0.008129987,-0.013515708,-0.008200947,-0.013857132,-0.011102633,-0.008563112,-0.011073407,-0.004836086,-0.021794246,-0.018431686,-0.014446857,-0.003691853,-0.010306361,-0.010460524,-0.010750866,-0.012695075,-0.006793431,-0.01664379,-0.013133754,-0.014292962,-0.003971918,-0.014291863,-0.012719501,-0.015142514,-0.0127598,-0.015150777,-0.013545273,-0.02619814,-0.013227689
5/25/16,-0.013178107,-0.013248994,0.002077729,-0.017838508,-0.01528445,-0.013719526,-0.013313583,-0.013769691,-0.012877823,-0.013936921,-0.013330561,-0.018234976,-0.01434379,-0.017818953,-0.015344565,-0.014407983,-0.011115689,-0.006768473,-0.017750051,-0.012750147,-0.015172492,-0.01465443,-0.012819132,-0.018245483,-0.024203884,-0.009905153,-0.014891959,-0.016658051,-0.016170743,-0.013916243,-0.015288423,-0.01535424,-0.016260414,-0.014475685,-0.015289924,-0.009943862
5/26/16,0.002703588,-0.003131109,-0.004831773,0.003955661,-0.005645891,-0.007233205,0.002902453,-4.81E-05,0.003211961,-3.62E-05,0.002613212,0.000993888,9.15E-05,-0.003092042,0.004836218,-0.000659089,-0.0022972,-0.001918383,-0.002525571,0.002540591,0.002432844,-0.00564937,0.000794698,0.000394907,-0.000616168,0.008236889,-0.001584887,0.015583194,-0.000177013,0.001543605,7.18E-05,0.001701816,8.55E-05,6.32E-05,0.001543052,0.008026374
5/27/16,-0.006209658,-0.003121791,0.003786557,-0.004314113,-0.004525397,-0.004513151,-0.005027314,-0.00247366,-0.006209658,-0.002253123,-0.006107279,-0.002991677,-0.003566281,-0.005541309,-0.014864594,-0.004213626,-0.005394556,-0.008017625,-0.00703739,-0.007179104,-0.002787422,-5.96E-05,-0.005613311,-0.006940534,0.002573288,-0.013033765,-0.005196767,-0.021320672,-0.00452541,-0.001741054,-0.001339077,-0.004442794,-0.003546817,-0.003697478,0.000902876,-0.012937367
5/30/16,0,0.002809393,-0.005781466,0.000834725,0.004460509,0.006583739,0.002940325,0.000344564,5.63E-05,0.000245057,0.000347651,0.000106406,-0.001302447,0.002912317,0.004429679,0.00119748,0.011291204,0.002352785,0.009537353,0.002441141,0.004643025,0.003171324,0.001949067,0.001725757,-0.00466718,0.001308097,0.004654545,-0.025952694,0.007190593,0.003798155,0.001897989,0.001250391,0.002211574,0.000896534,-0.00074445,0.001335914
5/31/16,-0.003453095,-0.011399127,0.000622818,0.003618957,-0.000477418,-0.004174123,-0.003498509,-0.003020294,-0.009063841,-0.003286629,-0.003465923,-0.004760761,-0.004290289,-0.004061542,-0.000449904,-0.001950243,-0.006324471,-0.003980229,-0.001420117,-0.006958456,-0.013865776,-0.001114176,-0.005114717,-0.005876862,0.001038307,-0.003718785,-0.005978008,-0.007688,-0.004122705,-0.003385761,-0.003668167,-0.002901092,-0.004705346,-0.004289944,-0.004532997,-0.003615894
6/1/16,0.001980035,0.001980035,0.000730614,0.011486238,0.001291651,0.005534905,0.0007928,-0.000749788,0.007051944,-0.000552472,0.002289566,-0.000653009,-0.000611549,0.006966718,0.001245768,0.002760433,-0.008787134,0.002245179,0.00666695,0.009706828,-0.003309964,-0.004436008,-0.000122531,0.000376867,0.013060167,0.000243177,0.002052753,-0.006097165,0.00492753,-0.001134017,-0.001877155,-0.002114702,0.003025461,0.001558976,-0.000737384,0.000261045
6/2/16,-0.001729107,0.000511762,-0.003640177,-0.003410109,-0.002567926,-0.004667697,-5.90E-05,-0.001039828,-0.001402926,-0.001138513,-0.001806179,-0.003826165,0.000282534,-0.005133396,-0.0025344,8.37E-05,-0.009201331,-0.004766174,-0.000332351,0.002520915,-0.003155596,0.000611435,-0.002221773,-0.001652926,0.002044595,-0.001115738,-0.00390241,-0.015227545,-0.006162892,0.000638869,0.001239327,-0.000760519,-0.002310546,-0.00310005,0.000340868,-0.001102788
6/3/16,0.023177169,0.007357509,0.004831996,0.016037763,0.012851528,0.010175888,0.020039018,0.008228626,0.022013198,0.007676214,0.022874329,0.005288818,0.009002924,0.019660783,0.023477552,0.01856707,0.006144605,0.02582437,0.022240532,0.022024139,0.004491549,0.007074387,0.0153794,0.008603108,0.003073063,0.021592796,0.011419933,0.064685083,0.006468721,0.016950939,0.003895575,0.010635144,0.013354016,0.015050562,0.008564815,0.020359959
6/6/16,0.002821443,-4.86E-05,-0.003763928,0.007698696,-0.004303949,-0.001147566,0.002302155,0.000256877,0.00301368,0.00060633,0.002666537,-0.003223818,0.000450456,0.000351218,-0.01461701,-0.002526034,0.006479321,0.003020508,-0.009050988,0.003036941,0.004352787,0.000132684,0.001433034,-0.007580679,-0.004304589,0.006173298,0.001714739,0.033778076,-0.001640881,-0.004819101,-0.003042723,-0.003472844,0.001454905,0.000608586,0.004029329,0.007152811
6/7/16,-0.002411576,-0.014525359,-0.016197095,-0.010266603,-0.007610582,-0.004980826,-0.000982649,-0.002533372,-0.002569032,-0.002071817,-0.002514323,-0.003577877,-0.003808974,-0.005024275,-0.007625971,-0.001081075,-0.002597502,-0.001223656,-0.012343157,-0.011734832,-0.009325349,-0.008238653,-0.00548028,-0.00405025,-0.012632768,0.001895365,-0.006232346,-0.019858911,-0.009357137,-0.003095417,-0.000656122,-0.008435487,-0.004886597,-0.003769224,-0.006492042,0.002177347
6/8/16,0.017727639,0.013936655,-0.006971633,0.018883642,0.010247273,0.01079002,0.016519727,0.013362643,0.017957154,0.013107642,0.01715106,0.01456341,0.014142016,0.016078359,0.010240977,0.01817949,0.011941323,0.012583185,0.018981801,0.000290969,0.011264298,0.014762837,0.013901762,0.007547705,0.00112246,0.016836435,0.013363262,-0.008410794,0.016670534,0.017518201,0.014114641,0.010554683,0.01665185,0.015271593,0.014144833,0.016900398
6/9/16,0.000712589,0.00714804,0.00489062,0.006214849,0.003550372,0.008354113,0.00045342,0.006664464,0.000735152,0.007101451,0.000699697,0.008533525,0.004512815,0.003013735,0.0035882,0.005075212,-0.000600682,0.001443643,-0.002834639,0.009600206,-0.014539176,0.005486816,0.002829829,0.011087455,0.007597145,0.003396961,0.005096791,-0.002863071,0.005394894,-0.000317304,0.008065146,0.005594012,0.004325382,0.001623959,0.004005319,0.003046265
6/10/16,0.009177941,0.013976766,0.019890767,0.018097996,0.009574288,0.017718444,0.009054916,0.013745262,0.004763847,0.013510747,0.009346961,0.013954332,0.013481279,0.011705085,0.009558419,0.012010795,0.013819364,0.006398575,0.014089207,0.022365843,0.018318915,0.019355774,0.011769857,0.01816305,0.020874859,0.002575368,0.012535402,-0.006936131,0.016924111,0.005088553,0.022034419,0.008361471,0.011086952,0.009292722,0.016981851,0.002407134
6/13/16,0.004155233,0.00452651,0.013765215,0.012607549,0.008570489,0.00640137,0.008042325,0.003896277,0.004064276,0.00403064,0.004077625,0.009649578,0.003715,0.009096706,0.008545148,0.004025101,-0.004851485,0.003086059,0.009215877,0.019547077,0.004864984,0.009875699,0.005637639,0.015953232,0.01946989,0.001852739,0.002675379,0.021070664,0.005874088,0.003185771,0.002056039,0.007344947,0.00577143,0.004126684,0.003501643,0.001857896
6/14/16,0.004996877,0.009528575,0.015249872,0.011713624,0.00837515,0.009453561,0.006309003,0.012026853,0.009366874,0.011946812,0.004737947,0.015645179,0.010319072,0.00783902,0.008390863,0.009894599,0.004996877,0.005565958,0.009028468,0.014025395,0.013656972,0.014282623,0.009114467,0.015845034,0.007347711,0.010824892,0.005071041,0.004996877,0.011093492,0.005898717,0.010984362,0.002396976,0.006611829,0.008911484,0.010233389,0.01089539
6/15/16,-0.003029832,-0.008972476,-0.009589972,-0.006972986,0.003106564,-0.00595456,-0.00507045,-0.006139496,-0.002332925,-0.006023334,-0.003042679,-0.004914128,-0.006469327,-0.007306261,-0.007280191,-0.005601663,-0.00509765,0.000886493,-0.00390424,-0.008912592,-0.006380992,-0.007873837,-0.002298016,-0.006082528,-0.012638455,-0.007532979,-0.003397664,-0.008625107,-0.01048065,-0.004336207,-0.000773646,-0.002140308,-0.004936908,-0.004018078,-0.004865748,-0.007629526
6/16/16,0.021429128,0.034283951,0.028459469,0.029294744,0.031474157,0.027112413,0.023120621,0.028839962,0.021210473,0.028786705,0.021508098,0.02967676,0.03048877,0.026666758,0.020968783,0.025021896,0.004349019,0.025832278,0.02172801,0.02819571,0.025950631,0.038834757,0.024117505,0.031151839,0.028868616,0.025245822,0.02059974,0.013302703,0.028683224,0.023545202,0.033475961,0.023218434,0.022502655,0.022819064,0.028443383,0.025355881
6/17/16,-0.015334147,-0.025052665,-0.033865455,-0.029759709,-0.027641526,-0.022993309,-0.016200378,-0.023653227,-0.01590006,-0.023881269,-0.015296086,-0.026362125,-0.023919716,-0.020036244,-0.017628026,-0.017694239,-0.014293474,-0.020340868,-0.015550177,-0.021555054,-0.023462204,-0.023845129,-0.016414684,-0.024668059,-0.028616591,-0.017140777,-0.017589218,-0.02518823,-0.018764164,-0.013027026,-0.025117221,-0.020815664,-0.01591186,-0.017257649,-0.020780197,-0.017072516
6/20/16,-0.006895483,-0.016648337,-0.017606711,-0.034270536,-0.012370745,-0.014463374,-0.008312653,-0.012366388,-0.005887676,-0.012372306,-0.006959459,-0.01558101,-0.01237015,-0.000916848,-0.012356211,-0.009409802,-0.005942316,-0.008246735,-0.015515804,-0.017945178,-0.014460926,-0.021287272,-0.00916304,-0.022525396,-0.019786788,-0.009937921,-0.012410688,-0.014321592,-0.019511441,-0.003140189,-0.018730771,-0.006368473,-0.011129947,-0.008304022,-0.017298209,-0.009786735
6/21/16,-0.007177407,-0.007547587,-0.003695872,-0.005792127,-0.006324666,-0.01573597,-0.005305808,-0.002236788,-0.007065573,-0.002199867,-0.007433256,0.003197778,-0.003454484,-0.003706822,-0.006350243,-0.00751169,-0.004702252,-0.004999875,-0.015089317,-0.00733699,-0.011199788,-0.001169476,-0.00632001,0.000632231,-0.008803741,-0.006036628,-0.007842738,-0.000320801,-0.009920958,-0.006089382,-0.005045102,-0.009149505,-0.009303101,-0.00548524,-0.004507148,-0.006039532
6/22/16,-0.006050605,-0.010054579,-0.013493405,-0.006954447,-0.005895519,-0.007451739,-0.007935884,-0.007932002,-0.007136497,-0.008367477,-0.006178708,-0.009358553,-0.010651774,-0.009557039,-0.005824947,-0.008291028,-0.005860466,-0.010071489,-0.0058781,-0.012974855,-0.009810191,-0.008465948,-0.004099499,-0.010120103,0.000597055,-0.003211962,-0.007828027,-0.019685216,-0.011300944,0.000953828,-0.003968595,-0.00731421,-0.008399637,-0.008361919,-0.009707972,-0.003205951
6/23/16,-0.002134556,-0.016036359,-0.012379217,-0.010264671,-0.007427446,-0.005871158,-0.002301431,-0.008962304,-0.000953184,-0.009478013,-0.002224593,-0.008906183,-0.010268134,-0.004809957,0.002848354,-0.009208492,0.010652474,-0.001835555,-0.005869749,-0.014250455,-0.012499947,-0.016971854,-0.001275235,-0.015492759,-0.004922669,-0.004498222,-0.002358009,0.006627258,-0.00560932,-0.002744705,-0.015059556,-0.003852447,-0.004436222,-0.002758559,-0.015222671,-0.003734699
6/24/16,0.042227856,0.06289033,0.055811838,0.131527736,0.058573964,0.058021778,0.049375087,0.064581098,0.041629246,0.065408227,0.04251,0.075120088,0.063644613,0.049704627,0.047720286,0.061743905,0.006801359,0.0417769,0.061937059,0.073826046,0.06191958,0.077912464,0.052831951,0.087719129,0.054849712,0.045953673,0.049620095,0.034897934,0.063351021,0.041235933,0.076509065,0.056911724,0.054340727,0.047000423,0.067671163,0.04512183
6/27/16,0.006917522,0.019592113,0.011433913,0.038723009,0.016713044,0.008766814,0.011540246,0.016193704,0.007586955,0.016146563,0.00712515,0.017609514,0.015739951,0.00880333,0.006314261,0.004927107,0.000914006,0.013287871,0.009351887,0.022559685,0.019365383,0.021373906,0.014507676,0.014530837,0.012647443,0.004321132,0.017144203,0.013131319,0.019505069,0.011028508,0.021368885,0.015873573,0.012172897,0.007915317,0.009186438,0.004430023
6/28/16,-0.011248679,-0.010812305,-0.038872137,-0.016945726,-0.010341429,-0.027591077,-0.011858092,-0.013900704,-0.016915992,-0.013962364,-0.011490739,-0.015568766,-0.015048894,-0.012398424,-0.020361936,-0.013563124,-0.001040332,-0.007682605,-0.018354546,-0.02353451,-0.012914061,-0.018055639,-0.015344445,-0.01852161,-0.021591329,-0.013066963,-0.015965311,-0.011455415,-0.021867826,-0.009104463,-0.013570695,-0.008703292,-0.015258485,-0.013793619,-0.02327294,-0.013159179
6/29/16,0.009009697,-0.003453624,-0.012610415,-0.007178127,0.001378531,-0.00523943,0.007522288,0.002922745,0.014746473,0.003177077,0.00895768,0.000751224,-0.001479659,0.002943059,0.001378403,0.002583878,0.008518695,0.008178032,-0.000794927,-0.011046745,-0.003899953,-0.007018562,0.00500535,0.00135653,-0.005024685,0.008093689,0.002610845,0.001342771,-0.003928537,-0.000133345,7.62E-05,0.006963733,0.003873916,0.005976716,0.006713251,0.007936692
6/30/16,-0.000529701,0.000958381,-0.01219739,0.019681938,0.00085514,-0.004717341,0.000855483,0.007075208,0.000246949,0.006992465,-0.000465291,-0.000705188,-0.001987942,0.000329727,0.011123931,0.00053362,5.42E-05,0.001449056,-0.002535725,-0.003009509,-0.000245013,0.00408825,0.003388705,-0.004323949,0.002838103,0.005560395,0.000434537,0.008175997,-0.000962447,-0.006872729,0.006756824,-0.000733795,-0.00164532,-0.000757125,-0.004467752,0.005663277